name,roc_auc,pr_auc,best_thr
logistic,0.6875,0.3473094252378135,0.5621434562498576
random_forest,0.7310606060606061,0.3812223914578996,0.39481335601479856
hist_gbdt,0.7130681818181818,0.41159958659362283,0.26428842820616866
xgboost,0.6998106060606061,0.41289532821153374,0.21143339574337006
