name,roc_auc,pr_auc,best_thr
logistic,0.7064393939393938,0.36748288467408763,0.5908769712545087
random_forest,0.7348484848484849,0.39502891641929083,0.4858780667552509
hist_gbdt,0.7395833333333333,0.4458072733036328,0.2589048946206315
xgboost,0.6884469696969696,0.40329698478532716,0.28494393825531006
